name,lastname,gender,age
CHASTITY;GIRL,ROMAN,FEMALE,6
CLORA;GIRL,LAM,FEMALE,2
QUINTEN;BOY,MELENDEZ,MALE,13
SENA;GIRL,DELAROSA,FEMALE,11
ROLF;BOY,MAXWELL,MALE,2
LEM;BOY,PETERSON,MALE,13
CHARMAINE;GIRL,LOPEZ,FEMALE,0
VICK;BOY,QUINTANA,MALE,14
AMMA;GIRL,LANE,FEMALE,3
ALYVIA;GIRL,TAPIA,FEMALE,10
KEENAN;BOY,HAYES,MALE,8
FRANCISCO;BOY,HOWE,MALE,7
ORRIN;BOY,STEPHENS,MALE,12
BRYSON;BOY,HESTER,MALE,0
ZAIDEN;BOY,MORROW,MALE,3
SHERIE;GIRL,GEORGE,FEMALE,9
JAYNE;GIRL,SAVAGE,FEMALE,10
JANN;GIRL,KLEIN,FEMALE,1
DAVINA;GIRL,ALLISON,FEMALE,0
ARIELLA;GIRL,ARMSTRONG,FEMALE,9
ADOLFO;BOY,HOOD,MALE,8
ULYSSES;BOY,BARRERA,MALE,6
NIKO;BOY,PATRICK,MALE,2
JOHNATHAN;BOY,DENNIS,MALE,6
DERREK;BOY,COLLINS,MALE,11
LILIANNA;GIRL,ESTES,FEMALE,2
MCKAYLA;GIRL,KIRK,FEMALE,0
ASPEN;GIRL,WHITE,FEMALE,7
HARVE;BOY,STEIN,MALE,5
ALANNA;GIRL,GRIMES,FEMALE,3
DOMENICA;GIRL,CRUZ,FEMALE,12
OUIDA;GIRL,SANFORD,FEMALE,1
JAMES;BOY,SCHMIDT,MALE,10
RICE;BOY,BERNARD,MALE,8
ANTONIA;BOY,MCDANIEL,MALE,7
DELTA;GIRL,AYERS,FEMALE,4
LUANNE;GIRL,DEAN,FEMALE,3
KYREE;BOY,FAULKNER,MALE,7
HARRELL;BOY,WARD,MALE,6
SHAWNEE;GIRL,JORDAN,FEMALE,0
SHARI;GIRL,JACKSON,FEMALE,6
SHERYL;GIRL,REYNOLDS,FEMALE,2
ESTA;BOY,BOYD,MALE,3
LENON;BOY,CAREY,MALE,9
FIDENCIO;BOY,TURNER,MALE,4
ALECK;BOY,LEONARD,MALE,0
LULU;GIRL,DANIELS,FEMALE,8
GERDA;GIRL,WANG,FEMALE,12
BUFFY;GIRL,MONTGOMERY,FEMALE,5
ZAYNE;BOY,ZHANG,MALE,6
TIFFANIE;GIRL,HINTON,FEMALE,1
KRYSTAL;GIRL,BENITEZ,FEMALE,8
REBECA;GIRL,SIMMONS,FEMALE,6
WENDELL;BOY,HAYDEN,MALE,1
MELINA;GIRL,XIONG,FEMALE,2
RENALDO;BOY,VILLARREAL,MALE,3
ELSE;GIRL,KEITH,FEMALE,10
MAHALA;GIRL,ONEAL,FEMALE,8
MADILYN;GIRL,POOLE,FEMALE,5
GEORGANNA;GIRL,GOOD,FEMALE,11
MARTEZ;BOY,NOLAN,MALE,10
SIENA;GIRL,RIOS,FEMALE,0
SHERRYL;GIRL,MILES,FEMALE,1
MURIEL;GIRL,POLLARD,FEMALE,0
SAVION;BOY,BENTON,MALE,12
URBAN;BOY,DAY,MALE,5
TAMYA;GIRL,ALI,FEMALE,10
MONNA;GIRL,HO,FEMALE,6
DANIELLA;GIRL,NORTON,FEMALE,1
BUDDIE;BOY,GRIFFITH,MALE,1
HARTLEY;BOY,JIMENEZ,MALE,9
EVELYN;BOY,LEVY,MALE,1
ISIDRO;BOY,FRANCIS,MALE,1
JERAMY;BOY,RYAN,MALE,3
WILBERT;BOY,ROBERSON,MALE,5
GOEBEL;BOY,PARK,MALE,13
RYLEE;BOY,AGUILAR,MALE,12
SELENE;GIRL,FOX,FEMALE,9
PEARLA;GIRL,GLOVER,FEMALE,5
TAVION;BOY,BLACK,MALE,5
JACLYN;GIRL,CALDWELL,FEMALE,8
CONWAY;BOY,MAYER,MALE,11
CHANTE;GIRL,MATHEWS,FEMALE,0
EULA;BOY,PONCE,MALE,1
GEROLD;BOY,ZAVALA,MALE,0
NETA;GIRL,COMBS,FEMALE,12
KAILEY;GIRL,CLARKE,FEMALE,1
BRIDGET;GIRL,HARRIS,FEMALE,13
CEIL;GIRL,SUMMERS,FEMALE,4
JONATAN;BOY,LAMBERT,MALE,8
ARLINE;GIRL,CLAYTON,FEMALE,4
AUSTON;BOY,SNOW,MALE,10
KIERRA;GIRL,MOORE,FEMALE,0
EVERT;BOY,VINCENT,MALE,11
CATHARINE;GIRL,CHANDLER,FEMALE,2
ALVIS;BOY,WILLIAMSON,MALE,1
REESE;BOY,BARTON,MALE,11
RAYNE;GIRL,BRAVO,FEMALE,11
ROBBIE;BOY,FLEMING,MALE,2
CHINA;GIRL,PATTON,FEMALE,11
HILDEGARD;GIRL,WALL,FEMALE,2
GINA;GIRL,HALE,FEMALE,8
LANNIE;BOY,LOGAN,MALE,10
MARYELLEN;GIRL,FREEMAN,FEMALE,13
BUENA;GIRL,DORSEY,FEMALE,14
KARL;BOY,SANTOS,MALE,11
JESSIE;BOY,REILLY,MALE,8
LITTIE;GIRL,DELGADO,FEMALE,12
LEXIS;GIRL,CONTRERAS,FEMALE,11
JOHNNIE;BOY,OWENS,MALE,6
TAVON;BOY,TOWNSEND,MALE,5
SHERILYN;GIRL,POWELL,FEMALE,0
KEILA;GIRL,WATKINS,FEMALE,12
DEYANIRA;GIRL,RUSSO,FEMALE,8
PRESLEY;BOY,BOWEN,MALE,13
RENATA;GIRL,RANDOLPH,FEMALE,10
KRISTIAN;BOY,COX,MALE,10
CHRIST;BOY,DRAKE,MALE,5
ECHO;GIRL,PRUITT,FEMALE,13
GUADALUPE;BOY,CAIN,MALE,14
SHIRA;GIRL,HENSLEY,FEMALE,5
ANSLEY;GIRL,BURKE,FEMALE,10
TAWANA;GIRL,HARDIN,FEMALE,5
ESTIE;GIRL,CARLSON,FEMALE,14
RICK;BOY,NICHOLS,MALE,9
KEENA;GIRL,MOYER,FEMALE,7
IVETTE;GIRL,CALLAHAN,FEMALE,2
DORRIS;BOY,BURGESS,MALE,14
JAYLA;GIRL,SOLIS,FEMALE,3
LOTTA;GIRL,BARKER,FEMALE,11
LEONORA;GIRL,MCMAHON,FEMALE,6
REGINA;GIRL,CARR,FEMALE,11
SPENSER;BOY,VO,MALE,7
MONTRELL;BOY,DAUGHERTY,MALE,8
NIKOLE;GIRL,MOLINA,FEMALE,7
JACQUES;BOY,HALEY,MALE,6
ROLANDA;GIRL,AVILA,FEMALE,0
TRACEY;BOY,LANG,MALE,12
DELPHA;GIRL,BLANKENSHIP,FEMALE,3
LIANA;GIRL,GONZALEZ,FEMALE,13
ORREN;BOY,MAHONEY,MALE,13
KIMBALL;BOY,POTTS,MALE,10
JACKSON;BOY,WHITAKER,MALE,9
WILTON;BOY,ATKINSON,MALE,1
SHON;BOY,SANTIAGO,MALE,8
YAMILEX;GIRL,NAVARRO,FEMALE,10
CRESSIE;GIRL,KERR,FEMALE,10
KIERSTEN;GIRL,QUINN,FEMALE,7
CHERRI;GIRL,COBB,FEMALE,11
DAGNY;GIRL,TRUJILLO,FEMALE,11
RAHUL;BOY,GUEVARA,MALE,7
MORRIS;BOY,GREENE,MALE,9
HUGHEY;BOY,BEST,MALE,6
SHEP;BOY,MCGUIRE,MALE,8
SPRING;GIRL,WILEY,FEMALE,8
CONSUELO;GIRL,CALHOUN,FEMALE,10
BRANDIE;GIRL,ENRIQUEZ,FEMALE,8
DEBORAH;BOY,VANG,MALE,7
DEVEN;BOY,DICKSON,MALE,5
ARMANI;BOY,OWEN,MALE,11
ELMORE;BOY,WONG,MALE,11
DEANGELO;BOY,ZAMORA,MALE,3
SOMMER;GIRL,ARCHER,FEMALE,13
YUSUF;BOY,BRIDGES,MALE,10
ORVIN;BOY,LAMB,MALE,12
TILLIE;GIRL,CROSBY,FEMALE,7
REATHA;GIRL,BRADSHAW,FEMALE,5
LANA;GIRL,HERMAN,FEMALE,4
THEDA;GIRL,TODD,FEMALE,1
QUINTON;BOY,BOOTH,MALE,8
BODE;BOY,DOUGLAS,MALE,0
ADRIANE;GIRL,UNDERWOOD,FEMALE,6
ERLINDA;GIRL,PALACIOS,FEMALE,9
ARRA;GIRL,HARPER,FEMALE,0
EVONNE;GIRL,DELEON,FEMALE,5
MAUREEN;GIRL,WHITEHEAD,FEMALE,2
BRYCE;BOY,EVANS,MALE,2
YOLANDA;GIRL,OCONNOR,FEMALE,7
ROGERS;BOY,GOLDEN,MALE,6
RENE;BOY,CHARLES,MALE,9
NELIE;GIRL,DAVIS,FEMALE,3
KOLTEN;BOY,ASHLEY,MALE,6
LORIN;BOY,MEJIA,MALE,9
YESSENIA;GIRL,BARRON,FEMALE,12
PAMELIA;GIRL,SHEPPARD,FEMALE,7
JOHNNY;BOY,MCINTOSH,MALE,13
ANNICE;GIRL,FRANCO,FEMALE,11
HANK;BOY,COMPTON,MALE,16
CLAIRE;BOY,MORRIS,MALE,20
KAYLEY;GIRL,KELLEY,FEMALE,21
CASON;BOY,ANDERSEN,MALE,18
DEMETRA;GIRL,ROGERS,FEMALE,24
GUSSIE;BOY,BUCHANAN,MALE,24
LITZY;GIRL,PORTILLO,FEMALE,23
DONIE;GIRL,ROY,FEMALE,18
RAYFIELD;BOY,DUNN,MALE,17
LALA;GIRL,ROCHA,FEMALE,24
JORETTA;GIRL,BUCK,FEMALE,19
ALLA;GIRL,PERALTA,FEMALE,17
ADRIENNE;GIRL,CORREA,FEMALE,20
WM;BOY,BALLARD,MALE,21
KIETH;BOY,BERRY,MALE,23
REUBEN;BOY,GILES,MALE,23
KELSEA;GIRL,BRADLEY,FEMALE,22
ROBBIN;BOY,SHAH,MALE,19
AIDAN;BOY,MORALES,MALE,24
DARIANA;GIRL,ESPINOSA,FEMALE,23
CLARNCE;BOY,JOHNSON,MALE,20
AURORE;GIRL,CRAIG,FEMALE,18
LISANDRO;BOY,HENDERSON,MALE,17
BRANDAN;BOY,KING,MALE,15
GARVIN;BOY,HUDSON,MALE,21
AYESHA;GIRL,MARTIN,FEMALE,24
GOLDIA;GIRL,LYONS,FEMALE,15
BROGAN;BOY,QUINTERO,MALE,23
GISELE;GIRL,MIDDLETON,FEMALE,20
MELODIE;GIRL,SHARP,FEMALE,17
GENEVRA;GIRL,ROBBINS,FEMALE,18
BESS;GIRL,PHELPS,FEMALE,21
RACQUEL;GIRL,RICH,FEMALE,21
AUDRIANA;GIRL,SMITH,FEMALE,24
GRAYLING;BOY,CARROLL,MALE,19
ESAU;BOY,WILCOX,MALE,15
SHIRLEE;GIRL,COFFEY,FEMALE,16
OTHO;BOY,CLAY,MALE,18
KATHLENE;GIRL,NAVA,FEMALE,16
RICKEY;BOY,GILL,MALE,18
MARYJANE;GIRL,COHEN,FEMALE,23
GLENDORA;GIRL,MADDEN,FEMALE,18
DONNY;BOY,MENDEZ,MALE,24
RHIANNA;GIRL,COSTA,FEMALE,23
FIELDING;BOY,PARRISH,MALE,24
ROENA;GIRL,HARVEY,FEMALE,15
TYRON;BOY,HARDING,MALE,19
CARROL;BOY,FELIX,MALE,18
PEARLEY;BOY,GALLAGHER,MALE,20
CAL;BOY,MENDOZA,MALE,19
JASPER;BOY,ZIMMERMAN,MALE,21
JACKELINE;GIRL,HINES,FEMALE,24
VERLE;BOY,ESPINOZA,MALE,21
DICK;BOY,MALDONADO,MALE,22
CONSTANTINE;BOY,BERNAL,MALE,18
JAILENE;GIRL,KELLY,FEMALE,24
TANIKA;GIRL,ORTEGA,FEMALE,20
DUANE;BOY,MULLEN,MALE,16
BEBE;GIRL,SPENCER,FEMALE,20
BYNUM;BOY,ENGLISH,MALE,20
OLGA;GIRL,JENSEN,FEMALE,24
TIERRA;GIRL,CHASE,FEMALE,18
MURRAY;BOY,GUERRERO,MALE,19
DEB;GIRL,YATES,FEMALE,18
MELLIE;GIRL,FULLER,FEMALE,23
GAETANO;BOY,HAYNES,MALE,23
JARROD;BOY,SINGH,MALE,19
KARSYN;GIRL,BARTLETT,FEMALE,24
ROSETTA;GIRL,ONEILL,FEMALE,20
HECTOR;BOY,HOFFMAN,MALE,23
ADOLF;BOY,SALGADO,MALE,16
MARYLOU;GIRL,RICHARDS,FEMALE,20
CORRY;BOY,MANN,MALE,17
DAISEY;GIRL,BEARD,FEMALE,21
EBEN;BOY,CONLEY,MALE,22
BENNY;BOY,ACEVEDO,MALE,20
HAMZA;BOY,ELLIOTT,MALE,19
MAYMIE;GIRL,DIXON,FEMALE,17
CHANNING;BOY,STOKES,MALE,19
MAURO;BOY,CHRISTENSEN,MALE,17
KIT;BOY,CURRY,MALE,18
QUIANA;GIRL,HERNANDEZ,FEMALE,15
KHALIL;BOY,SERRANO,MALE,24
AUTHUR;BOY,MCPHERSON,MALE,23
CHANCE;BOY,MORGAN,MALE,16
JAXSON;BOY,RODRIGUEZ,MALE,19
ROXANA;GIRL,ABBOTT,FEMALE,23
GUSS;BOY,WOOD,MALE,20
NIKKO;BOY,CABRERA,MALE,23
MERRILL;BOY,CHRISTIAN,MALE,20
JAYCIE;GIRL,HOBBS,FEMALE,24
DELPHIA;GIRL,SPENCE,FEMALE,16
RUTHE;GIRL,MITCHELL,FEMALE,15
SHARLA;GIRL,FORD,FEMALE,17
VIDA;GIRL,LYNN,FEMALE,17
ASHELY;GIRL,MCFARLAND,FEMALE,19
MAHLON;BOY,REESE,MALE,24
FOY;BOY,JARVIS,MALE,16
YOSHIO;BOY,CONNER,MALE,18
JEFF;BOY,BUCKLEY,MALE,18
IESHIA;GIRL,FIELDS,FEMALE,19
ALEXINA;GIRL,WOODARD,FEMALE,21
LORNA;GIRL,SPEARS,FEMALE,19
GREGORY;BOY,VALENZUELA,MALE,20
NATHALIE;GIRL,MACK,FEMALE,15
COEN;BOY,VELEZ,MALE,18
AUGUST;BOY,FOWLER,MALE,20
CELESTINE;GIRL,CAMACHO,FEMALE,15
BULA;GIRL,RICHARDSON,FEMALE,22
TODD;BOY,BARRETT,MALE,19
DOROTHY;BOY,VAUGHN,MALE,23
DEANNA;GIRL,VANCE,FEMALE,23
MYRTIS;GIRL,SCHROEDER,FEMALE,21
SYDNEE;GIRL,SWANSON,FEMALE,15
ALMETA;GIRL,SKINNER,FEMALE,24
ADALYN;GIRL,TATE,FEMALE,24
COLVIN;BOY,HARMON,MALE,22
JAYLAN;BOY,WOLFE,MALE,19
KHIRY;BOY,DURHAM,MALE,21
BRICE;BOY,GLASS,MALE,15
NINA;GIRL,LITTLE,FEMALE,16
TAURUS;BOY,LU,MALE,17
IKE;BOY,WELLS,MALE,19
KENZIE;GIRL,WOLF,FEMALE,20
GONZALO;BOY,CUEVAS,MALE,24
NEIL;BOY,REYES,MALE,15
BONNY;GIRL,FROST,FEMALE,17
ANNABELL;GIRL,GONZALES,FEMALE,19
EBBIE;BOY,LEON,MALE,19
PABLO;BOY,CURTIS,MALE,20
ANANIAS;BOY,HUBER,MALE,20
DOVIE;GIRL,TRAVIS,FEMALE,43
NETTA;GIRL,SCHNEIDER,FEMALE,26
SELINA;GIRL,WINTERS,FEMALE,36
KENDELL;BOY,MORAN,MALE,25
JOURNEY;GIRL,BUSH,FEMALE,53
AHMED;BOY,SLOAN,MALE,52
JEANNA;GIRL,KNAPP,FEMALE,36
DWAINE;BOY,HAHN,MALE,47
ARELY;GIRL,SUAREZ,FEMALE,34
AINSLEY;GIRL,CHAN,FEMALE,29
BEVERLY;BOY,VILLA,MALE,31
LORING;BOY,MEZA,MALE,34
ALIZE;GIRL,COLLIER,FEMALE,51
KING;BOY,SHEPHERD,MALE,35
INEZ;GIRL,PEARSON,FEMALE,27
SHARA;GIRL,FARRELL,FEMALE,30
CELINA;GIRL,HULL,FEMALE,37
KYARA;GIRL,SANCHEZ,FEMALE,50
MALE;BOY,KNIGHT,MALE,53
TOMAS;BOY,WEAVER,MALE,31
ANIE;GIRL,FISHER,FEMALE,53
ESSENCE;GIRL,GALVAN,FEMALE,35
CRISTIN;GIRL,BALDWIN,FEMALE,25
CORETTA;GIRL,STOUT,FEMALE,31
CARINA;GIRL,RIVERS,FEMALE,48
LUELLA;GIRL,MCCLURE,FEMALE,30
FLO;GIRL,LEBLANC,FEMALE,47
JEANNETTE;GIRL,NELSON,FEMALE,25
KATHLEEN;BOY,NORRIS,MALE,30
RED;BOY,ARROYO,MALE,50
CLARANCE;BOY,REYNA,MALE,38
CAS;BOY,WEBB,MALE,28
CHARITY;GIRL,THOMAS,FEMALE,37
JEFFERY;BOY,STANTON,MALE,52
LORA;BOY,WASHINGTON,MALE,44
MARITA;GIRL,SHORT,FEMALE,53
GUILFORD;BOY,HAWKINS,MALE,33
BUDDY;BOY,FLOYD,MALE,43
HILARY;BOY,GUZMAN,MALE,53
MYA;GIRL,HUANG,FEMALE,46
JOSE;BOY,MILLS,MALE,41
MARGARITE;GIRL,MURPHY,FEMALE,53
ADELINA;GIRL,YU,FEMALE,47
BURNETT;BOY,ALLEN,MALE,27
DONATO;BOY,RUIZ,MALE,25
BUTCH;BOY,SCOTT,MALE,41
ZAIN;BOY,JENKINS,MALE,37
ELDON;BOY,MCLAUGHLIN,MALE,50
GRAHAM;BOY,CAMPBELL,MALE,35
BERTON;BOY,EDWARDS,MALE,50
LAWANDA;GIRL,HALL,FEMALE,30
BINA;GIRL,ACOSTA,FEMALE,28
HILARIO;BOY,CHAMBERS,MALE,29
ZORA;GIRL,DIAZ,FEMALE,30
CAMREN;BOY,LOVE,MALE,43
LONIE;BOY,RASMUSSEN,MALE,50
LOVISA;GIRL,ALFARO,FEMALE,30
JUDD;BOY,CANTU,MALE,29
RELLA;GIRL,GREER,FEMALE,38
JOESEPH;BOY,SHERMAN,MALE,51
EMIL;BOY,BALL,MALE,34
CATHI;GIRL,LINDSEY,FEMALE,48
JAIMEE;GIRL,GREGORY,FEMALE,48
HOSEA;BOY,CLINE,MALE,37
CHARLEY;BOY,DALTON,MALE,47
JOHNIE;BOY,BENNETT,MALE,28
KARSON;BOY,BONILLA,MALE,33
SHANIKA;GIRL,VALENTINE,FEMALE,31
MARGARETT;GIRL,PERRY,FEMALE,47
JESSICA;BOY,SOLOMON,MALE,47
KINDRA;GIRL,SMALL,FEMALE,53
CHARLIZE;GIRL,MCINTYRE,FEMALE,48
TERENCE;BOY,HORNE,MALE,40
NYLAH;GIRL,DANIEL,FEMALE,41
ARIZONA;GIRL,FREDERICK,FEMALE,32
UNA;GIRL,FITZGERALD,FEMALE,30
LEANNE;GIRL,DUFFY,FEMALE,47
ISREAL;BOY,SEXTON,MALE,40
REYNA;GIRL,BURNS,FEMALE,32
TAMIE;GIRL,SANDOVAL,FEMALE,28
RICARDO;BOY,MARTINEZ,MALE,39
STEPHAN;BOY,WALTON,MALE,46
ERLE;BOY,HAMPTON,MALE,39
WILLIAN;BOY,WALKER,MALE,54
SOL;BOY,NIXON,MALE,34
ILDA;GIRL,VAZQUEZ,FEMALE,42
ALPHONSUS;BOY,WHITNEY,MALE,31
BILLY;BOY,MAYNARD,MALE,26
SHOJI;BOY,BARNES,MALE,34
MONTGOMERY;BOY,ARNOLD,MALE,29
OLIVA;GIRL,HOUSE,FEMALE,31
HADEN;BOY,MARIN,MALE,33
ORVEL;BOY,CANTRELL,MALE,41
KAILA;GIRL,CARSON,FEMALE,31
SANAI;GIRL,DODSON,FEMALE,44
JABEZ;BOY,MERRITT,MALE,44
SHAFTER;BOY,HANSEN,MALE,39
ERLING;BOY,GRIFFIN,MALE,49
MAKENNA;GIRL,GOODWIN,FEMALE,48
ORIE;BOY,BAUER,MALE,43
JOEY;BOY,MCMILLAN,MALE,28
SHARMAN;GIRL,BELTRAN,FEMALE,45
LUCIEN;BOY,JONES,MALE,41
JOESPH;BOY,HARRISON,MALE,53
SHELVIA;GIRL,IBARRA,FEMALE,42
DESTINEY;GIRL,MUELLER,FEMALE,25
BRYCEN;BOY,AUSTIN,MALE,45
EULAH;GIRL,COLEMAN,FEMALE,49
ESSA;GIRL,BAKER,FEMALE,29
DORIAN;BOY,PHAM,MALE,43
CHLOE;GIRL,WARNER,FEMALE,51
KEARA;GIRL,MATHIS,FEMALE,31
VERNETTA;GIRL,PECK,FEMALE,25
LIONEL;BOY,BARAJAS,MALE,53
COLETTA;GIRL,SHEPARD,FEMALE,43
GIANCARLO;BOY,JARAMILLO,MALE,39
ELLERY;BOY,BRANCH,MALE,28
RUBI;GIRL,MORSE,FEMALE,38
CHRISTINA;BOY,WU,MALE,27
MAMMIE;GIRL,WELCH,FEMALE,42
LUCINDY;GIRL,RUSH,FEMALE,49
ROSEANNE;GIRL,STEVENSON,FEMALE,53
MENA;GIRL,PENNINGTON,FEMALE,35
SANTO;BOY,ARIAS,MALE,49
LITTLE;BOY,CHAPMAN,MALE,51
KATIA;GIRL,TUCKER,FEMALE,32
MADALYN;GIRL,HAMILTON,FEMALE,28
PIERRE;BOY,SHAFFER,MALE,33
GLYNIS;GIRL,ALVAREZ,FEMALE,50
FAYETTE;BOY,MCCOY,MALE,43
MAMIE;BOY,ARELLANO,MALE,43
NICOLA;GIRL,HUGHES,FEMALE,35
DEVONTE;BOY,HURST,MALE,33
TAMATHA;GIRL,WILKINSON,FEMALE,27
ORAL;BOY,GRAY,MALE,53
CASIMIR;BOY,LARA,MALE,35
KENNITH;BOY,WILKERSON,MALE,27
LYNSEY;GIRL,LYNCH,FEMALE,38
MELVILLE;BOY,TORRES,MALE,52
LAVONNE;GIRL,SOSA,FEMALE,49
LORINE;GIRL,GARRETT,FEMALE,42
DELOIS;GIRL,JOHNS,FEMALE,29
MIKAL;BOY,HORN,MALE,25
OKEY;BOY,BEIL,MALE,43
RODNEY;BOY,YODER,MALE,46
NOLA;GIRL,BYRD,FEMALE,26
ASIA;GIRL,ELLISON,FEMALE,34
KEENEN;BOY,VEGA,MALE,32
ALOIS;BOY,MCLEAN,MALE,44
EPHRAM;BOY,KEMP,MALE,44
JAYMES;BOY,RUBIO,MALE,38
MIMI;GIRL,INGRAM,FEMALE,53
JACQUE;GIRL,MONROE,FEMALE,53
BLAISE;BOY,HOPKINS,MALE,35
ODELL;BOY,OLIVER,MALE,31
MERWIN;BOY,BOWMAN,MALE,49
TANNER;BOY,PERKINS,MALE,46
ISHAAN;BOY,RAMIREZ,MALE,49
SANIYA;GIRL,STRICKLAND,FEMALE,48
LADARIUS;BOY,LONG,MALE,39
LU;GIRL,LE,FEMALE,40
AYAAN;BOY,POTTER,MALE,32
MACIE;GIRL,MCCANN,FEMALE,50
SHAMIKA;GIRL,PORTER,FEMALE,46
TABATHA;GIRL,AVALOS,FEMALE,43
DEEGAN;BOY,MADDOX,MALE,29
LENNY;BOY,GALLEGOS,MALE,46
ELENI;GIRL,ADAMS,FEMALE,28
MYRON;BOY,DUARTE,MALE,53
IGNACIO;BOY,WALLACE,MALE,28
TWILA;GIRL,STUART,FEMALE,29
GLENN;BOY,PATEL,MALE,47
ANNETTE;GIRL,CISNEROS,FEMALE,51
FLETCHER;BOY,MEYERS,MALE,29
SANJUANA;GIRL,WISE,FEMALE,39
PERMELIA;GIRL,HIGGINS,FEMALE,34
MAFALDA;GIRL,JEFFERSON,FEMALE,51
DEMARION;BOY,HUNTER,MALE,33
LEXUS;GIRL,HOOVER,FEMALE,29
LIVIA;GIRL,MURILLO,FEMALE,25
JAREN;BOY,SUTTON,MALE,50
RASHAAN;BOY,DOUGHERTY,MALE,39
ROMA;BOY,WIGGINS,MALE,35
FARAH;GIRL,BECK,FEMALE,44
TRE;BOY,CANO,MALE,46
NAKITA;GIRL,BOWERS,FEMALE,50
KATHRYN;BOY,ROTH,MALE,50
IRENE;BOY,ANDREWS,MALE,53
OVA;BOY,WILSON,MALE,35
SQUIRE;BOY,MARKS,MALE,49
HAL;BOY,MCBRIDE,MALE,36
LINETTE;GIRL,LUCAS,FEMALE,37
MANNIE;BOY,VAUGHAN,MALE,51
DEEDEE;GIRL,SCHWARTZ,FEMALE,32
JAEDEN;BOY,DUDLEY,MALE,54
TAMERA;GIRL,HOGAN,FEMALE,40
KILLIAN;BOY,ROBERTS,MALE,41
ANGEL;BOY,ROSE,MALE,45
WARNER;BOY,PATTERSON,MALE,30
DUARD;BOY,BATES,MALE,26
SANDI;GIRL,BUTLER,FEMALE,54
BROOKE;GIRL,BARBER,FEMALE,29
VIVA;GIRL,MCCARTY,FEMALE,27
KIANNA;GIRL,HEBERT,FEMALE,54
TERRANCE;BOY,WOODS,MALE,49
CASS;BOY,OBRIEN,MALE,39
ELIZEBETH;GIRL,RODGERS,FEMALE,33
OBIE;BOY,MAGANA,MALE,40
BRIANNA;GIRL,MEYER,FEMALE,46
LOUISE;BOY,COOPER,MALE,52
JARRELL;BOY,LOWERY,MALE,53
SHANTA;GIRL,SIERRA,FEMALE,37
AMARION;BOY,BEASLEY,MALE,33
DELL;BOY,MOSS,MALE,37
ARIELLE;GIRL,JUAREZ,FEMALE,52
SHATARA;GIRL,HUMPHREY,FEMALE,39
JESSENIA;GIRL,SALAZAR,FEMALE,42
JAMAR;BOY,CASTANEDA,MALE,49
BARON;BOY,KNOX,MALE,50
VONDA;GIRL,ATKINS,FEMALE,43
MELLISSA;GIRL,LAWSON,FEMALE,27
PARK;BOY,MIRANDA,MALE,34
OTHA;BOY,RIVERA,MALE,42
MARSHAL;BOY,BROWN,MALE,31
GERRI;GIRL,DEJESUS,FEMALE,42
ENOLA;GIRL,SIMON,FEMALE,54
HARRISON;BOY,RAYMOND,MALE,53
SEBRINA;GIRL,ESTRADA,FEMALE,45
TAUREAN;BOY,HUFFMAN,MALE,52
JERAMIAH;BOY,CHERRY,MALE,42
BIRDELLA;GIRL,LEACH,FEMALE,52
BEA;GIRL,ELLIS,FEMALE,52
KYRA;GIRL,AGUIRRE,FEMALE,41
CLEARENCE;BOY,WHEELER,MALE,49
TRUE;BOY,LOZANO,MALE,26
HERSCHEL;BOY,BERGER,MALE,30
ISAIAH;BOY,SCHMITT,MALE,49
IRVINE;BOY,BOYER,MALE,48
DILLION;BOY,CHOI,MALE,46
JUDSON;BOY,JOSEPH,MALE,30
EVA;BOY,THOMPSON,MALE,53
ELIAN;BOY,HEATH,MALE,28
EWALD;BOY,LANDRY,MALE,28
CHERRIE;GIRL,VARGAS,FEMALE,44
BEVERLEE;GIRL,ESQUIVEL,FEMALE,31
TESSIE;GIRL,VILLANUEVA,FEMALE,43
CLEMMA;GIRL,MCKENZIE,FEMALE,44
JAYLEEN;GIRL,MACDONALD,FEMALE,46
LETTA;GIRL,ORTIZ,FEMALE,39
CARLEIGH;GIRL,GROSS,FEMALE,43
HILL;BOY,MONTES,MALE,41
ROSALINDA;GIRL,PACE,FEMALE,51
ALIANA;GIRL,HUERTA,FEMALE,45
JENILEE;GIRL,BERG,FEMALE,37
RICHELLE;GIRL,VILLEGAS,FEMALE,38
RUDOLFO;BOY,STEVENS,MALE,48
BLAIR;BOY,OCONNELL,MALE,25
ASHLIE;GIRL,EVERETT,FEMALE,42
JAME;BOY,GOULD,MALE,25
TRILBY;GIRL,MANNING,FEMALE,39
MERRILEE;GIRL,BOOKER,FEMALE,30
TRACI;GIRL,LARSON,FEMALE,30
BREANA;GIRL,HERRING,FEMALE,54
LAURETTA;GIRL,JAMES,FEMALE,45
EMIT;BOY,HUYNH,MALE,38
BRYNN;GIRL,ESCOBAR,FEMALE,25
OLINDA;GIRL,MELTON,FEMALE,51
LAWERENCE;BOY,DURAN,MALE,28
JAQUAN;BOY,BENSON,MALE,38
WINTON;BOY,BURNETT,MALE,40
MAYE;GIRL,PRATT,FEMALE,54
DEMARIO;BOY,SHELTON,MALE,40
DORLA;GIRL,ODONNELL,FEMALE,35
VINA;GIRL,PAUL,FEMALE,25
SANTANA;BOY,MORTON,MALE,29
DEVANTE;BOY,DUNCAN,MALE,28
AH;BOY,SHAW,MALE,40
FLORRIE;GIRL,CONWAY,FEMALE,27
LANIE;GIRL,NEAL,FEMALE,51
CHRISTOPHER;BOY,HURLEY,MALE,49
DARRICK;BOY,ROMERO,MALE,43
KATHALEEN;GIRL,FRENCH,FEMALE,37
SOMER;GIRL,LESTER,FEMALE,36
BLANCHE;BOY,BRYANT,MALE,26
ODELIA;GIRL,RICHMOND,FEMALE,44
FLORINE;GIRL,BRADY,FEMALE,47
HAROLD;BOY,HANCOCK,MALE,40
SHERYLL;GIRL,PERSON,FEMALE,49
FORREST;BOY,SNYDER,MALE,42
FRONNIE;GIRL,WOODWARD,FEMALE,31
SHARONDA;GIRL,ROWLAND,FEMALE,38
DEASIA;GIRL,BRADFORD,FEMALE,52
BENSON;BOY,KIM,MALE,37
VALARIE;GIRL,SULLIVAN,FEMALE,42
KEATON;BOY,FARLEY,MALE,33
LATOYA;GIRL,COCHRAN,FEMALE,41
GIADA;GIRL,ROBLES,FEMALE,37
DEJAH;GIRL,ROSS,FEMALE,42
ARCH;BOY,SELLERS,MALE,30
BERYL;BOY,THORNTON,MALE,26
ANISSA;GIRL,LUGO,FEMALE,37
PATRICIA;BOY,BECKER,MALE,25
LEITHA;GIRL,MURRAY,FEMALE,47
ELDORA;GIRL,HANSON,FEMALE,25
ROSY;GIRL,PRINCE,FEMALE,49
LORIA;GIRL,BRUCE,FEMALE,44
REGGIE;BOY,MOODY,MALE,28
YOSEF;BOY,BRANDT,MALE,30
SHELBIE;GIRL,MCGEE,FEMALE,50
WEBB;BOY,MCKAY,MALE,45
URIEL;BOY,STAFFORD,MALE,44
KIMBERELY;GIRL,HENSON,FEMALE,26
DOLLIE;GIRL,BISHOP,FEMALE,52
SCOTT;BOY,EATON,MALE,29
LATIFAH;GIRL,CARRILLO,FEMALE,41
REDDEN;BOY,DICKERSON,MALE,25
CLOYD;BOY,OSBORNE,MALE,29
GAIGE;BOY,SCHAEFER,MALE,31
TAYLA;GIRL,ROBINSON,FEMALE,48
DESTINEE;GIRL,FLORES,FEMALE,45
ERNEST;BOY,REEVES,MALE,26
LEX;BOY,DAVENPORT,MALE,39
ESCO;BOY,SIMPSON,MALE,25
RAKEEM;BOY,HUFF,MALE,40
LOLLA;GIRL,MCKEE,FEMALE,42
CLARINDA;GIRL,CLEMENTS,FEMALE,32
VERLA;GIRL,BROWNING,FEMALE,37
OTTILIE;GIRL,NOBLE,FEMALE,28
DAWNA;GIRL,WADE,FEMALE,33
KATRINA;GIRL,NASH,FEMALE,26
DERON;BOY,CHUNG,MALE,36
BERNIECE;GIRL,FIGUEROA,FEMALE,41
KOREY;BOY,FRANKLIN,MALE,50
MOLLIE;GIRL,DOMINGUEZ,FEMALE,49
LATANYA;GIRL,MORA,FEMALE,51
SAMIR;BOY,HANNA,MALE,54
LORIE;GIRL,CHAVEZ,FEMALE,48
ERVING;BOY,PETERSEN,MALE,34
MELISA;GIRL,ROACH,FEMALE,26
LAURI;GIRL,BLEVINS,FEMALE,46
MILDA;GIRL,GORDON,FEMALE,31
LUCERO;GIRL,VILLALOBOS,FEMALE,36
MARILOU;GIRL,WALLS,FEMALE,29
MELL;BOY,STANLEY,MALE,53
EILEEN;GIRL,HOLT,FEMALE,26
GURNEY;BOY,NOVAK,MALE,45
LULIE;GIRL,CORTEZ,FEMALE,43
EZEKIEL;BOY,DUNLAP,MALE,32
ATLAS;BOY,FITZPATRICK,MALE,37
DENNY;BOY,GARCIA,MALE,52
KAY;BOY,ROJAS,MALE,28
ACY;BOY,SHIELDS,MALE,34
BENITO;BOY,MONTOYA,MALE,41
MIKALAH;GIRL,ESPARZA,FEMALE,51
JAVIER;BOY,PRICE,MALE,34
ZAVIER;BOY,SAUNDERS,MALE,35
KEYON;BOY,TAYLOR,MALE,30
IMANI;GIRL,FUENTES,FEMALE,29
LAYLA;GIRL,WALTER,FEMALE,30
ZAIRE;BOY,MAYS,MALE,32
HARMONY;GIRL,HENDRICKS,FEMALE,41
TAMMI;GIRL,MASSEY,FEMALE,27
TINEY;GIRL,LUNA,FEMALE,46
EARNESTINE;GIRL,ALVARADO,FEMALE,39
IDELL;GIRL,CARDENAS,FEMALE,34
LINDSEY;BOY,GILBERT,MALE,29
MAJOR;BOY,YOUNG,MALE,45
NADIA;GIRL,SANTANA,FEMALE,31
JANENE;GIRL,MCCORMICK,FEMALE,46
TAMRA;GIRL,CHANG,FEMALE,46
TATE;BOY,BARNETT,MALE,25
DELLIE;GIRL,FARMER,FEMALE,34
BRANCH;BOY,MACIAS,MALE,36
CARLOTTA;GIRL,WAGNER,FEMALE,63
AMBROSE;BOY,LEE,MALE,57
JOVANNI;BOY,PARRA,MALE,58
GROVE;BOY,WARE,MALE,57
GENARO;BOY,CARTER,MALE,59
AZALEE;GIRL,BRENNAN,FEMALE,55
CELIA;GIRL,YANG,FEMALE,59
EMILIANO;BOY,RICHARD,MALE,63
BAMA;GIRL,NIELSEN,FEMALE,63
EMILIE;GIRL,GREEN,FEMALE,59
CLAIBORNE;BOY,KRAMER,MALE,61
DARELL;BOY,HARTMAN,MALE,59
SHANIA;GIRL,MULLINS,FEMALE,59
CHANDRA;GIRL,HARRELL,FEMALE,56
MAXWELL;BOY,GARRISON,MALE,60
KAELYN;GIRL,JOHNSTON,FEMALE,57
LORAINE;GIRL,TYLER,FEMALE,63
JOBE;BOY,HAMMOND,MALE,60
NELLY;GIRL,FLYNN,FEMALE,58
GREGG;BOY,GUERRA,MALE,59
WINDELL;BOY,GAINES,MALE,62
RUSH;BOY,SIMS,MALE,62
HILLARD;BOY,AHMED,MALE,56
ANGELITA;GIRL,MARSH,FEMALE,58
IVER;BOY,HART,MALE,63
ZANDRA;GIRL,LARSEN,FEMALE,62
ILAH;GIRL,GRAVES,FEMALE,63
KAYLIN;GIRL,MYERS,FEMALE,55
PEARLINE;GIRL,HICKS,FEMALE,55
CHERRYL;GIRL,DECKER,FEMALE,58
DIXIE;BOY,VU,MALE,64
GLENNIE;GIRL,JENNINGS,FEMALE,61
NORETTA;GIRL,RHODES,FEMALE,56
MAXINE;GIRL,CASEY,FEMALE,60
GAVIN;BOY,BREWER,MALE,56
DAMARCUS;BOY,PINEDA,MALE,58
CRISTEN;GIRL,MOSLEY,FEMALE,56
ACEY;BOY,MORENO,MALE,61
DEON;BOY,DAWSON,MALE,63
ALFERD;BOY,HOLLAND,MALE,62
ELVIS;BOY,ALEXANDER,MALE,64
WINSTON;BOY,ERICKSON,MALE,63
KAREL;GIRL,DAVID,FEMALE,64
STACY;BOY,CAMERON,MALE,63
MIRTIE;GIRL,VELASQUEZ,FEMALE,62
ALEJANDRO;BOY,HOUSTON,MALE,63
BRAYLEN;BOY,STEWART,MALE,61
HOLLI;GIRL,MUNOZ,FEMALE,58
SHYLA;GIRL,DILLON,FEMALE,61
KARLI;GIRL,GOMEZ,FEMALE,62
SAUL;BOY,PITTS,MALE,56
MICKY;BOY,HODGE,MALE,59
LASSIE;GIRL,KIRBY,FEMALE,55
PAULA;GIRL,VELAZQUEZ,FEMALE,56
JOLINE;GIRL,COLE,FEMALE,60
CLARISA;GIRL,AYALA,FEMALE,56
KIYOKO;GIRL,DONOVAN,FEMALE,63
CARO;GIRL,PARSONS,FEMALE,56
IRIDIAN;GIRL,BLANCHARD,FEMALE,60
MANERVA;GIRL,CRAWFORD,FEMALE,62
JEP;BOY,COOK,MALE,62
HENRETTA;GIRL,CASTRO,FEMALE,63
AILENE;GIRL,MALONE,FEMALE,59
MALIK;BOY,GIBSON,MALE,55
MABEL;BOY,FISCHER,MALE,60
BERTINA;GIRL,HOLMES,FEMALE,63
TERRENCE;BOY,GIBBS,MALE,60
VERNIE;BOY,MATA,MALE,63
LESLI;GIRL,AVERY,FEMALE,63
MARTINE;GIRL,CARPENTER,FEMALE,62
DARYLE;BOY,BEAN,MALE,64
SUMNER;BOY,BOONE,MALE,60
RYLAN;BOY,ADKINS,MALE,56
FALLON;GIRL,POPE,FEMALE,61
BERNHARD;BOY,HICKMAN,MALE,57
LEXI;GIRL,SANDERS,FEMALE,58
IRVEN;BOY,BLAKE,MALE,61
CORIE;GIRL,JACOBSON,FEMALE,59
NERY;BOY,TREJO,MALE,60
RONDAL;BOY,CUNNINGHAM,MALE,56
EFREN;BOY,HOLLOWAY,MALE,56
STEPHANIA;GIRL,MILLER,FEMALE,64
HOBSON;BOY,PHAN,MALE,58
ANDON;BOY,BLACKBURN,MALE,63
ZILLAH;GIRL,KAUR,FEMALE,64
BRENNAN;BOY,LIN,MALE,62
ANASTACIO;BOY,NEWMAN,MALE,63
TREMAINE;BOY,HUBBARD,MALE,64
SCHUYLER;BOY,PRESTON,MALE,59
GEORGETTA;GIRL,FERNANDEZ,FEMALE,57
MANDIE;GIRL,SPARKS,FEMALE,55
MONIQUE;GIRL,RAMSEY,FEMALE,55
WILLIS;BOY,HENRY,MALE,62
TERRY;BOY,WEEKS,MALE,58
CANNIE;GIRL,HUNT,FEMALE,55
ETHYLE;GIRL,KRUEGER,FEMALE,57
ANGELE;GIRL,WRIGHT,FEMALE,59
FLORETTA;GIRL,RANDALL,FEMALE,64
LUCINDA;GIRL,MCDONALD,FEMALE,59
RASHAD;BOY,BURCH,MALE,61
KECIA;GIRL,MARQUEZ,FEMALE,60
GERTIE;GIRL,NORMAN,FEMALE,62
KATI;GIRL,MCCONNELL,FEMALE,57
ALAN;BOY,LAWRENCE,MALE,60
DESTINY;GIRL,CANNON,FEMALE,56
KRIS;BOY,PADILLA,MALE,55
JAYLEN;BOY,GARZA,MALE,60
COLT;BOY,WILLIS,MALE,62
WILHELMINE;GIRL,BASS,FEMALE,61
MILDRED;BOY,VENTURA,MALE,63
CARLYLE;BOY,SHANNON,MALE,59
SHARYL;GIRL,PARKER,FEMALE,55
SHELBI;GIRL,CROSS,FEMALE,59
ICA;GIRL,POWERS,FEMALE,56
BLAKE;BOY,FRYE,MALE,61
LATOSHA;GIRL,WYATT,FEMALE,64
SHARDAE;GIRL,WEISS,FEMALE,58
TIMOTHY;BOY,LEWIS,MALE,56
GABRIELLA;GIRL,REED,FEMALE,58
LAVERN;BOY,CALDERON,MALE,58
KAMILA;GIRL,MCCARTHY,FEMALE,57
CORBETT;BOY,KLINE,MALE,62
BETTY;BOY,MAY,MALE,59
ABIE;BOY,HOWELL,MALE,59
TONYA;GIRL,BOND,FEMALE,56
EBENEZER;BOY,BARR,MALE,62
EMMONS;BOY,RAMOS,MALE,63
SERENITY;GIRL,LIM,FEMALE,60
BERNARDINE;GIRL,BENDER,FEMALE,56
MERLE;BOY,STONE,MALE,68
LORINDA;GIRL,MARSHALL,FEMALE,69
GEORGIANN;GIRL,BAXTER,FEMALE,69
RONALD;BOY,PUGH,MALE,66
HERMINIA;GIRL,HARRINGTON,FEMALE,84
JEMAL;BOY,HAIL,MALE,83
DARCIE;GIRL,ROBERTSON,FEMALE,69
ARGIE;GIRL,KANE,FEMALE,85
HANDY;BOY,NICHOLSON,MALE,75
BRITTNAY;GIRL,FOLEY,FEMALE,67
DESSIE;BOY,BOYLE,MALE,81
AZZIE;GIRL,ORR,FEMALE,74
SEWARD;BOY,TERRELL,MALE,68
ARTHOR;BOY,HENDRIX,MALE,85
SANTOS;BOY,GUTIERREZ,MALE,77
ARLIN;BOY,GILLESPIE,MALE,71
INDIANA;GIRL,TANNER,FEMALE,80
EDYTHE;GIRL,FRAZIER,FEMALE,69
AUGUSTINE;BOY,PITTMAN,MALE,76
JEWEL;BOY,BAILEY,MALE,82
LINWOOD;BOY,NGUYEN,MALE,77
VIRGIL;BOY,KOCH,MALE,70
AARAV;BOY,SAWYER,MALE,80
MARKITA;GIRL,KELLER,FEMALE,87
ARYANA;GIRL,TRAN,FEMALE,80
THEO;BOY,ODOM,MALE,73
ALESIA;GIRL,MATTHEWS,FEMALE,79
MALACHI;BOY,BENTLEY,MALE,88
ILENE;GIRL,SWEENEY,FEMALE,65
SHANNEN;GIRL,NUNEZ,FEMALE,76
DONNIE;BOY,HUTCHINSON,MALE,69
CAROLYNN;GIRL,HARDY,FEMALE,68
NATALEE;GIRL,HOWARD,FEMALE,79
PAULO;BOY,HILL,MALE,66
CLAUDIO;BOY,CERVANTES,MALE,88
SANIYAH;GIRL,COPELAND,FEMALE,70
ROSEVELT;BOY,BAUTISTA,MALE,86
EGBERT;BOY,LIVINGSTON,MALE,67
CENA;GIRL,CAMPOS,FEMALE,89
SANTA;GIRL,GOODMAN,FEMALE,77
HUMPHREY;BOY,PHILLIPS,MALE,89
BELVA;GIRL,BANKS,FEMALE,66
MALVINA;GIRL,DYER,FEMALE,74
MARLEN;GIRL,MEDINA,FEMALE,66
HAMPTON;BOY,WALLER,MALE,65
MAGDALENE;GIRL,RILEY,FEMALE,88
SOREN;BOY,CHURCH,MALE,89
BURNICE;BOY,LUCERO,MALE,73
RYDER;BOY,WEST,MALE,88
DOLORES;BOY,MEADOWS,MALE,74
CAYLA;GIRL,ROWE,FEMALE,88
MARICELA;GIRL,GENTRY,FEMALE,72
STAFFORD;BOY,RUSSELL,MALE,73
LENARD;BOY,CUMMINGS,MALE,82
KEON;BOY,WEBSTER,MALE,75
LORETTA;GIRL,ANDERSON,FEMALE,76
BARRETT;BOY,CORONA,MALE,66
SHAY;BOY,RICE,MALE,82
HARLEN;BOY,ZUNIGA,MALE,79
COURTLAND;BOY,PIERCE,MALE,76
PIERCE;BOY,WEBER,MALE,76
TINNIE;GIRL,KENT,FEMALE,69
WALKER;BOY,GALINDO,MALE,82
DONOVAN;BOY,KHAN,MALE,74
STAR;GIRL,GRAHAM,FEMALE,84
CALLUM;BOY,SAMPSON,MALE,87
BOSS;BOY,PETERS,MALE,71
HELYN;GIRL,MCDOWELL,FEMALE,71
SABASTIAN;BOY,DAVIDSON,MALE,65
HARLAN;BOY,FINLEY,MALE,74
ERNIE;BOY,CHEN,MALE,69
BRAYDEN;BOY,BLAIR,MALE,81
PRINCESS;GIRL,ROSALES,FEMALE,72
DELIAH;GIRL,RIVAS,FEMALE,69
LILBURN;BOY,BELL,MALE,80
ELIANA;GIRL,STRONG,FEMALE,68
KENYA;BOY,HERRERA,MALE,86
ELBY;BOY,ROSARIO,MALE,78
JEPTHA;BOY,PARKS,MALE,71
HAVEN;BOY,RAY,MALE,87
MICHAL;BOY,TERRY,MALE,65
PHYLIS;GIRL,TANG,FEMALE,87
ALEXYS;GIRL,REID,FEMALE,80
ISADORA;GIRL,CASE,FEMALE,86
LUCIA;GIRL,WALTERS,FEMALE,74
EULALIA;GIRL,GARDNER,FEMALE,89
RAYMON;BOY,LI,MALE,70
DERRICK;BOY,DONALDSON,MALE,88
CEDRIC;BOY,BROOKS,MALE,81
DELANO;BOY,FERGUSON,MALE,88
CLEAVE;BOY,SILVA,MALE,82
JERED;BOY,GRANT,MALE,75
CHARLSIE;GIRL,WILLIAMS,FEMALE,87
KEYSHAWN;BOY,MOSES,MALE,81
BABE;BOY,MAYO,MALE,74
FLOR;GIRL,GARNER,FEMALE,83
LOUIE;BOY,SCHULTZ,MALE,77
NUNZIO;BOY,MCKINNEY,MALE,76
BUTLER;BOY,DELACRUZ,MALE,83
TARI;GIRL,OCHOA,FEMALE,74
LAILA;GIRL,CLARK,FEMALE,75
KHLOE;GIRL,BARRY,FEMALE,86
SENECA;BOY,MEDRANO,MALE,78
FITZGERALD;BOY,ROLLINS,MALE,75
KEVON;BOY,LIU,MALE,83
RENITA;GIRL,GILMORE,FEMALE,83
NEWELL;BOY,WALSH,MALE,83
SEBASTIAN;BOY,MORRISON,MALE,75
CHERYL;BOY,ANTHONY,MALE,83
ALEXIS;BOY,HORTON,MALE,78
BETHZY;GIRL,FOSTER,FEMALE,88
NORVAL;BOY,FRY,MALE,78
DEIDRE;GIRL,BRIGGS,FEMALE,85
SASHA;GIRL,MCCLAIN,FEMALE,87
JOANA;GIRL,BULLOCK,FEMALE,68
VIRGE;BOY,DOYLE,MALE,73
LOLITA;GIRL,PROCTOR,FEMALE,87
PENNI;GIRL,ROSAS,FEMALE,72
VALERIA;GIRL,SOTO,FEMALE,75
LEONORE;GIRL,SINGLETON,FEMALE,76
DRAKE;BOY,MCCALL,MALE,72
KELLAN;BOY,VALDEZ,MALE,89
OLEVIA;GIRL,CASTILLO,FEMALE,73
KERRY;BOY,LLOYD,MALE,65
CLAUD;BOY,BROCK,MALE,87
ILONA;GIRL,BLACKWELL,FEMALE,74
MITTIE;GIRL,PENA,FEMALE,75
BESSIE;BOY,JACOBS,MALE,89
LINNIE;BOY,VASQUEZ,MALE,89
KARLA;GIRL,OROZCO,FEMALE,65
MARKEL;BOY,CRANE,MALE,79
SEMAJ;BOY,DUKE,MALE,82
PORFIRIO;BOY,SALAS,MALE,69
ELSWORTH;BOY,TREVINO,MALE,88
JARETT;BOY,OLSEN,MALE,67
SUZAN;GIRL,MCCULLOUGH,FEMALE,87
ALISON;GIRL,HESS,FEMALE,66
NEREIDA;GIRL,WARREN,FEMALE,77
SIMPSON;BOY,MASON,MALE,69
IVAH;GIRL,FRIEDMAN,FEMALE,83
DELLIA;GIRL,FLETCHER,FEMALE,79
JULUIS;BOY,PACHECO,MALE,72
OLAR;GIRL,TRUONG,FEMALE,82
ALYSA;GIRL,DAVILA,FEMALE,80
VERDA;GIRL,BENJAMIN,FEMALE,67
LASHAWN;BOY,STEPHENSON,MALE,72
KAYLYNN;GIRL,WILKINS,FEMALE,87
ESTEBAN;BOY,ANDRADE,MALE,69
ALLISON;BOY,CORDOVA,MALE,75
PEGGIE;GIRL,LEAL,FEMALE,81
JOYE;GIRL,FLOWERS,FEMALE,67
ANGIE;GIRL,CORTES,FEMALE,81
ELIOT;BOY,MOON,MALE,78
ONETA;GIRL,STEELE,FEMALE,89
DARIO;BOY,PAYNE,MALE,83
MITCHELL;BOY,PALMER,MALE,89
GIOVANNY;BOY,OLSON,MALE,68
KEM;BOY,BRYAN,MALE,86
TRULA;GIRL,MERCADO,FEMALE,77
TAFT;BOY,SALINAS,MALE,65
LAVERNA;GIRL,WATTS,FEMALE,76
CECILE;GIRL,KENNEDY,FEMALE,77
STARR;GIRL,WATSON,FEMALE,68
WASH;BOY,VALENCIA,MALE,74
MOZELLE;GIRL,PAGE,FEMALE,75
RACHEAL;GIRL,BURTON,FEMALE,86
BURLEIGH;BOY,PEREZ,MALE,77
LATORIA;GIRL,RANGEL,FEMALE,72
ARDELIA;GIRL,GLENN,FEMALE,66
SOLOMON;BOY,NEWTON,MALE,70
VALENTIN;BOY,GATES,MALE,77
DARRIN;BOY,MICHAEL,MALE,67
HOY;BOY,YORK,MALE,66
LUVENIA;GIRL,CONRAD,FEMALE,80
GENNARO;BOY,HODGES,MALE,82
SHANEQUA;GIRL,WATERS,FEMALE,79
LESLY;GIRL,STARK,FEMALE,86
DURWOOD;BOY,LOWE,MALE,66
DILLAN;BOY,FRANK,MALE,68
CLEVELAND;BOY,COLON,MALE,85
